run,decisions,forks_a,forks_b,same_fork_count,fork_count_delta,ari,pair_recall,co_pairs
2025-11-12T09-30-16+0000,23,20,20,True,0,0.746,0.75,4
2025-11-12T09-52-44+0000,23,19,21,False,2,0.2776,0.2,5
2025-11-12T10-05-42+0000,18,16,17,False,1,-0.0088,0.0,2
2025-11-12T10-39-00+0000,17,14,16,False,2,0.3929,0.25,4
2025-11-12T11-24-34+0000,18,15,14,False,-1,0.4295,0.6667,3
2025-11-12T12-24-45+0000,15,13,13,True,0,1.0,1.0,3
2025-11-12T12-54-24+0000,22,17,17,True,0,0.5583,0.6667,6
2025-11-12T13-06-46+0000,14,12,11,False,-1,0.8515,1.0,3
2025-11-12T13-46-32+0000,18,17,15,False,-2,0.2776,1.0,1
2025-11-12T17-10-55+0000,21,17,16,False,-1,0.72,0.8,5
2025-11-12T17-30-15+0000,16,12,11,False,-1,0.5253,0.75,4
2025-11-12T18-01-53+0000,19,16,17,False,1,0.6587,0.5,6
2025-11-12T18-56-42+0000,15,13,14,False,1,0.6624,0.5,2
2025-11-12T19-55-38+0000,20,16,18,False,2,0.2748,0.2,5
2025-11-12T20-35-40+0000,23,21,22,False,1,0.6649,0.5,2
2025-11-12T21-15-40+0000,17,13,15,False,2,0.204,0.1429,7
2025-11-12T22-11-51+0000,20,17,15,False,-2,0.5329,0.75,4
2025-11-12T22-55-33+0000,18,15,16,False,1,0.3215,0.25,4
2025-11-13T00-05-19+0000,20,18,18,True,0,0.4947,0.5,2
2025-11-14T21-21-29+0000,15,15,14,False,-1,0.0,,0
2025-11-14T22-05-46+0000,20,18,16,False,-2,0.2748,0.5,2
2025-11-15T01-08-22+0000,20,18,16,False,-2,0.6595,1.0,3
2025-11-15T02-22-25+0000,25,24,23,False,-1,-0.0045,0.0,1
2025-11-15T15-03-11+0000,18,17,14,False,-3,0.2776,1.0,1
2025-11-15T15-38-19+0000,14,12,12,True,0,0.4888,0.5,2
2025-11-15T17-13-29+0000,19,17,15,False,-2,0.5899,1.0,3
2025-11-15T18-59-03+0000,15,13,12,False,-1,0.316,0.5,2
2025-11-15T20-23-37+0000,17,13,13,True,0,1.0,1.0,6
2025-11-15T22-00-27+0000,16,14,15,False,1,0.4937,0.3333,3
2025-11-15T23-57-58+0000,23,19,17,False,-2,0.1349,0.25,4
2025-11-16T00-54-53+0000,19,17,14,False,-3,0.2366,0.5,2
2025-11-16T02-42-50+0000,15,13,14,False,1,0.6624,0.5,2
2025-11-16T04-53-17+0000,18,16,17,False,1,0.6637,0.5,2
2025-11-16T07-53-05+0000,21,18,19,False,1,0.8548,0.75,4
2025-11-16T09-53-00+0000,17,15,16,False,1,0.4944,0.3333,3
2025-11-16T11-59-47+0000,20,16,16,True,0,1.0,1.0,5
2025-11-16T17-04-39+0000,19,16,14,False,-2,0.6559,1.0,4
2025-11-16T18-27-13+0000,18,16,15,False,-1,0.3904,0.5,2
2025-11-16T21-46-30+0000,17,14,14,True,0,1.0,1.0,4
2025-11-16T23-15-36+0000,15,13,13,True,0,1.0,1.0,3
2025-11-17T01-20-10+0000,30,18,19,False,1,0.6511,0.7222,18
2025-11-17T03-01-51+0000,22,17,20,False,3,0.5367,0.375,8
2025-11-17T05-02-45+0000,21,17,18,False,1,0.7407,0.6,10
2025-11-17T14-46-19+0000,16,13,13,True,0,1.0,1.0,4
2025-11-17T15-56-59+0000,18,14,15,False,1,0.2312,0.2,5
2025-11-17T16-55-57+0000,16,14,13,False,-1,0.1954,0.3333,3
2025-11-17T18-58-32+0000,15,15,15,True,0,1.0,,0
2025-11-17T20-22-41+0000,22,19,20,False,1,0.7979,0.6667,3
2025-11-17T21-31-42+0000,20,19,18,False,-1,0.6643,1.0,1
2025-11-17T23-27-27+0000,20,17,18,False,1,0.3923,0.3333,3
2025-11-18T01-05-44+0000,14,14,14,True,0,1.0,,0
2025-11-18T02-52-55+0000,16,16,16,True,0,1.0,,0
2025-11-18T04-16-31+0000,22,21,20,False,-1,-0.0058,0.0,1
2025-11-19T03-21-59+0000,16,15,14,False,-1,0.6629,1.0,1
2025-11-19T04-30-13+0000,18,14,16,False,2,0.3215,0.25,4
2025-11-19T05-56-22+0000,16,14,14,True,0,0.4915,0.5,2
2025-11-19T07-38-28+0000,20,17,18,False,1,0.6595,0.5,6
2025-11-19T09-10-20+0000,15,14,15,False,1,0.0,0.0,1
2025-11-19T10-27-52+0000,17,16,16,True,0,-0.0074,0.0,1
2025-11-19T11-29-03+0000,17,13,11,False,-2,0.606,0.8571,7
2025-11-19T13-48-49+0000,21,20,18,False,-2,-0.0072,0.0,1
2025-11-19T14-47-53+0000,14,14,13,False,-1,0.0,,0
2025-11-19T16-04-43+0000,12,11,11,True,0,1.0,1.0,1
2025-11-19T17-56-42+0000,22,18,16,False,-2,0.2248,0.3333,6
2025-11-19T19-09-24+0000,15,15,14,False,-1,0.0,,0
2025-11-19T20-38-58+0000,16,13,15,False,2,0.4937,0.3333,3
2025-11-19T22-14-21+0000,16,14,13,False,-1,0.8529,1.0,3
2025-11-20T00-05-27+0000,19,17,15,False,-2,0.7444,1.0,3
2025-11-20T01-31-19+0000,15,15,15,True,0,1.0,,0
2025-11-20T02-49-33+0000,17,15,15,True,0,0.4925,0.5,2
2025-11-20T04-21-39+0000,22,20,20,True,0,0.3937,0.5,2
2025-11-20T06-03-23+0000,21,18,16,False,-2,0.8523,1.0,6
2025-11-20T07-33-53+0000,16,15,15,True,0,1.0,1.0,1
2025-11-20T09-31-10+0000,16,15,14,False,-1,0.4937,1.0,1
2025-11-20T10-56-52+0000,19,17,17,True,0,0.3915,0.3333,3
2025-11-20T12-28-12+0000,19,16,16,True,0,-0.0205,0.0,3
2025-11-20T14-10-42+0000,13,12,13,False,1,0.0,0.0,1
2025-11-20T16-42-37+0000,18,16,15,False,-1,0.3215,0.5,2
2025-11-20T18-12-31+0000,21,19,18,False,-1,0.8548,1.0,3
2025-11-20T20-17-27+0000,18,16,16,True,0,1.0,1.0,2
2025-11-20T20-25-41+0000,14,13,13,True,0,1.0,1.0,1
2025-11-20T20-40-17+0000,16,15,15,True,0,1.0,1.0,1
2025-11-20T21-05-32+0000,16,14,12,False,-2,0.2683,0.5,2
2025-11-20T22-11-22+0000,16,16,15,False,-1,0.0,,0
2025-11-20T22-17-42+0000,21,17,18,False,1,0.6595,0.6,5
2025-11-20T22-37-30+0000,13,13,13,True,0,1.0,,0
2025-11-20T22-39-34+0000,21,16,17,False,1,0.316,0.25,8
2025-11-20T23-33-39+0000,19,17,17,True,0,-0.0118,0.0,2
2025-11-20T23-42-14+0000,17,16,16,True,0,-0.0074,0.0,1
2025-11-21T00-16-02+0000,14,14,14,True,0,1.0,,0
2025-11-21T00-55-35+0000,18,15,16,False,1,0.8539,0.75,4
2025-11-21T01-21-19+0000,18,15,14,False,-1,0.2312,0.3333,3
2025-11-21T01-32-10+0000,17,15,14,False,-1,0.3183,0.3333,3
2025-11-21T01-57-03+0000,16,14,15,False,1,-0.0112,0.0,2
2025-11-21T02-18-05+0000,20,19,18,False,-1,-0.0071,0.0,1
2025-11-21T02-39-07+0000,17,14,14,True,0,0.2273,0.25,4
2025-11-21T03-02-44+0000,19,18,18,True,0,1.0,1.0,1
2025-11-21T03-48-39+0000,18,18,17,False,-1,0.0,,0
2025-11-21T03-54-46+0000,20,17,15,False,-2,0.7921,1.0,6
2025-11-22T00-10-57+0000,17,16,13,False,-3,-0.0124,0.0,1
2025-11-22T00-38-59+0000,19,16,15,False,-1,0.8859,1.0,4
2025-11-22T00-56-43+0000,17,14,12,False,-2,0.5873,1.0,3
2025-11-22T01-21-47+0000,18,14,12,False,-2,0.8504,1.0,6
2025-11-22T01-58-59+0000,21,19,19,True,0,0.4952,0.5,2
2025-11-22T02-11-01+0000,18,16,17,False,1,0.6637,0.5,2
2025-11-22T02-37-05+0000,19,15,17,False,2,0.3228,0.25,4
2025-11-22T03-06-18+0000,15,14,14,True,0,1.0,1.0,1
2025-11-22T03-48-48+0000,18,17,15,False,-2,0.495,1.0,1
2025-11-22T04-02-51+0000,14,12,13,False,1,0.6617,0.5,2
2025-11-22T04-24-20+0000,22,20,18,False,-2,0.5661,1.0,2
2025-11-22T04-54-12+0000,22,21,20,False,-1,0.6647,1.0,1
2025-11-22T05-51-21+0000,20,20,17,False,-3,0.0,,0
2025-11-22T06-06-50+0000,22,19,17,False,-2,0.4111,0.5,6
2025-11-22T06-36-51+0000,13,10,10,True,0,0.7365,0.75,4
2025-11-22T06-59-05+0000,17,15,16,False,1,0.4944,0.3333,3
2025-11-22T07-51-01+0000,19,17,17,True,0,0.4941,0.5,2
2025-11-22T08-00-17+0000,20,17,16,False,-1,0.5896,0.75,4
2025-11-22T08-15-09+0000,14,13,12,False,-1,0.6617,1.0,1
2025-11-22T09-40-01+0000,16,14,15,False,1,0.4937,0.3333,3
2025-11-22T09-56-46+0000,17,16,14,False,-2,0.4944,1.0,1
2025-11-22T10-30-44+0000,19,17,17,True,0,1.0,1.0,2
2025-11-22T11-04-38+0000,25,21,22,False,1,0.4361,0.4,5
2025-11-22T11-14-05+0000,19,15,15,True,0,0.3098,0.4,5
2025-11-22T12-02-23+0000,15,13,13,True,0,1.0,1.0,2
2025-11-22T12-45-22+0000,23,19,19,True,0,0.5207,0.8,5
2025-11-22T12-56-26+0000,20,18,18,True,0,1.0,1.0,3
2025-11-22T14-03-14+0000,21,19,17,False,-2,0.5918,1.0,3
2025-11-22T14-12-20+0000,22,20,18,False,-2,0.2401,0.5,2
2025-11-22T14-39-37+0000,19,17,17,True,0,-0.0118,0.0,2
2025-11-22T14-57-09+0000,16,16,15,False,-1,0.0,,0
2025-11-22T15-41-58+0000,19,17,16,False,-1,-0.0142,0.0,2
2025-11-22T16-29-06+0000,21,16,17,False,1,0.3039,0.375,8
2025-11-22T16-38-37+0000,21,18,19,False,1,0.8548,0.75,4
2025-11-22T17-43-31+0000,20,16,17,False,1,0.9204,0.8571,7
2025-11-22T18-22-29+0000,15,13,14,False,1,0.6624,0.5,2
2025-11-22T18-41-39+0000,22,19,18,False,-1,0.6601,0.75,4
2025-11-22T18-52-50+0000,16,14,13,False,-1,0.8529,1.0,3
2025-11-26T16-37-23+0000,15,11,12,False,1,0.6519,0.6,5
2025-11-26T17-05-19+0000,17,12,14,False,2,0.3425,0.25,8
2025-11-26T17-46-30+0000,15,15,14,False,-1,0.0,,0
2025-11-26T18-25-33+0000,22,18,20,False,2,0.1852,0.1429,7
2025-11-26T19-10-13+0000,19,18,17,False,-1,0.664,1.0,1
2025-11-26T19-42-16+0000,13,12,12,True,0,-0.013,0.0,1
2025-11-26T20-27-00+0000,21,19,17,False,-2,0.2759,0.5,2
2025-11-26T20-50-08+0000,18,17,16,False,-1,-0.0088,0.0,1
2025-11-26T21-41-50+0000,13,13,12,False,-1,0.0,,0
2025-11-26T22-40-16+0000,14,14,14,True,0,1.0,,0
2025-11-26T22-51-43+0000,16,14,13,False,-1,-0.0204,0.0,2
2025-11-26T23-31-05+0000,18,16,15,False,-1,0.3904,0.5,2
2025-11-27T00-12-07+0000,17,15,15,True,0,1.0,1.0,3
2025-11-27T00-58-57+0000,15,13,14,False,1,0.4928,0.3333,3
2025-11-27T01-18-31+0000,21,18,18,True,0,1.0,1.0,4
2025-11-27T01-53-05+0000,15,13,12,False,-1,0.386,0.5,2
2025-11-27T02-22-55+0000,23,20,20,True,0,0.5923,0.5,6
2025-11-27T02-44-14+0000,14,14,14,True,0,1.0,,0
2025-11-27T03-25-45+0000,13,13,12,False,-1,0.0,,0
2025-11-27T04-07-54+0000,13,13,12,False,-1,0.0,,0
2025-11-28T18-46-03+0000,14,11,12,False,1,0.2244,0.1667,6
2025-11-28T19-21-38+0000,17,13,14,False,1,0.7167,0.5714,7
2025-11-28T19-35-48+0000,15,13,14,False,1,0.6624,0.5,2
2025-11-28T20-02-44+0000,19,15,14,False,-1,0.601,0.8,5
2025-11-28T20-35-16+0000,17,13,15,False,2,0.2287,0.2,5
2025-11-28T21-40-17+0000,19,17,18,False,1,0.664,0.5,2
2025-11-28T21-46-20+0000,20,17,15,False,-2,0.7948,1.0,4
2025-11-28T22-36-39+0000,19,18,16,False,-2,0.3943,1.0,1
2025-11-28T23-31-55+0000,16,12,13,False,1,0.4839,0.4,5
2025-11-29T00-13-53+0000,18,17,16,False,-1,0.495,1.0,1
2025-11-29T00-59-18+0000,23,18,17,False,-1,0.9125,1.0,11
2025-11-29T01-11-34+0000,22,20,21,False,1,0.4967,0.3333,3
2025-11-29T01-56-48+0000,18,14,15,False,1,0.9197,0.8571,7
2025-11-29T02-07-25+0000,20,17,17,True,0,1.0,1.0,3
2025-11-29T02-34-48+0000,16,13,13,True,0,0.6581,0.6667,3
2025-11-29T02-42-10+0000,18,13,15,False,2,0.7179,0.5714,7
2025-11-29T04-37-04+0000,13,11,12,False,1,0.4902,0.3333,3
2025-11-29T05-34-40+0000,19,15,14,False,-1,0.9303,1.0,7
2025-11-29T05-43-38+0000,19,19,18,False,-1,0.0,,0
2025-11-29T06-09-11+0000,21,16,17,False,1,0.5902,0.6,5
2025-11-29T08-18-50+0000,14,13,13,True,0,1.0,1.0,1
2025-11-29T08-21-37+0000,21,19,16,False,-3,0.4361,1.0,2
2025-11-29T08-36-37+0000,16,14,14,True,0,1.0,1.0,3
2025-11-29T08-52-24+0000,18,17,16,False,-1,0.6637,1.0,1
2025-11-29T09-34-51+0000,17,15,15,True,0,1.0,1.0,3
2025-11-29T11-15-38+0000,21,17,17,True,0,0.4857,0.6,5
2025-11-29T11-47-15+0000,21,17,17,True,0,1.0,1.0,5
2025-11-29T12-29-02+0000,16,12,13,False,1,0.4309,0.4286,7
2025-11-29T12-58-37+0000,15,10,12,False,2,0.594,0.4444,9
2025-11-29T13-19-54+0000,15,13,12,False,-1,0.8523,1.0,3
2025-11-29T14-40-56+0000,17,15,13,False,-2,0.5873,1.0,3
2025-11-29T15-01-09+0000,16,13,14,False,1,0.6552,0.5,6
2025-11-29T15-25-10+0000,14,11,11,True,0,1.0,1.0,6
2025-11-29T16-18-23+0000,18,16,17,False,1,0.6637,0.5,2
2025-11-29T16-49-58+0000,22,20,20,True,0,1.0,1.0,3
2025-11-29T17-19-34+0000,16,15,13,False,-2,0.2754,1.0,1
2025-11-29T18-13-22+0000,16,15,15,True,0,1.0,1.0,1
2025-11-29T18-48-28+0000,18,17,14,False,-3,0.326,1.0,1
2025-11-29T19-18-15+0000,17,14,14,True,0,1.0,1.0,4
2025-11-29T20-04-37+0000,15,13,12,False,-1,0.8523,1.0,3
2025-11-29T21-54-24+0000,16,13,12,False,-1,0.7419,1.0,3
2025-11-29T22-31-38+0000,20,16,17,False,1,0.8862,0.8,5
2025-11-29T22-45-38+0000,19,17,16,False,-1,0.8542,1.0,3
2025-11-29T23-23-58+0000,19,17,16,False,-1,0.3214,0.3333,3
2025-11-29T23-55-11+0000,19,17,17,True,0,1.0,1.0,3
2025-11-30T00-13-01+0000,19,18,16,False,-2,0.3943,1.0,1
2026-02-13T14-52-16+0000,15,13,13,True,0,0.4903,0.5,2
team-01,21,12,14,False,2,0.6095,0.4865,37
team-02,23,17,18,False,1,0.7632,0.7143,7
team-03,7,7,7,True,0,1.0,,0
team-05,13,12,11,False,-1,0.6609,1.0,1
team-06,26,17,19,False,2,0.8119,0.75,12
team-07,6,6,6,True,0,1.0,,0
team-08,25,20,21,False,1,0.5305,0.4,15
team-09,4,3,4,False,1,0.0,0.0,1
team-10,26,18,20,False,2,0.4591,0.4167,12
team-11,16,13,13,True,0,0.6581,0.6667,3
team-12,2,1,2,False,1,0.0,0.0,1
team-13,20,18,17,False,-1,0.7974,1.0,2
team-17,9,5,5,True,0,0.6186,0.8571,7
team-18,20,18,19,False,1,-0.0071,0.0,2
team-20,4,4,4,True,0,1.0,,0
team-24,14,13,14,False,1,0.0,0.0,1
team-25,16,8,11,False,3,0.6045,0.4615,13
team-27,13,10,11,False,1,0.8506,0.75,4
team-28,16,14,15,False,1,0.6629,0.5,2
